"id (S)","container (N)","format (S)","location (S)","title  (S)","type (S)","collection (S)","other (L)"
"32b384eb-cf50-432e-96da-491f6d1b1550","3","4K Blu-ray","2nd Floor","007 The Daniel Graig Collection","Movie",,
"f28e29ab-feb4-40ad-bb36-bfca2d1f18f6","3","Blu-ray","2nd Floor","Apocalypto","Movie",,
"b91da897-0705-477e-8876-aef7058183e6","3","Blu-ray","2nd Floor","Avatar","Movie",,
"676a1c5c-15e7-427e-a0d4-0843c3b8804a","3","Blu-ray","2nd Floor","Avengers End Game","Movie",,
"998b0143-71ac-4d95-96e4-ba4c45ea5fc3","3","Blu-ray","2nd Floor","Avengers Infinity War","Movie",,
"5cd63b2d-65f2-486c-9d99-ac2d41331472","3","Blu-ray","2nd Floor","Barbershop","Movie",,
"eda984ce-634f-49da-b5cb-986ce2aca776","3","Blu-ray","2nd Floor","Batman Hush","Movie",,
"6e294e26-0e66-4ab1-8dbe-f4336266c442","3","Blu-ray","2nd Floor","Batman The Killing Joke","Movie",,
"a02fc696-4de0-4fc6-8cb0-2550c7f63fad","3","Blu-ray","2nd Floor","Beowulf","Movie",,
"e9213e6d-c075-4458-b7ab-1d118a7a23b5","3","Blu-ray","2nd Floor","Bloodsport","Movie",,
"11a364b8-af4a-4558-b4cb-022ae0e4bd91","3","DVD","2nd Floor","Born In East L.A.","Movie",,
"0dfef5d7-cd3d-48c7-b9fa-8f53009b3b53","3","4K Blu-ray","2nd Floor","Brightburn","Movie",,
"e5b5ef53-364c-4259-bcf1-4a9442866542","3","4K Blu-ray","2nd Floor","Captain America Civil War","Movie",,
"448db0af-a09e-4815-a9e9-508420cd6867","3","Blu-ray","2nd Floor","Castlevania Season 2","TV Show",,
"22fce2ab-47c6-4613-9ada-e2937b87f7ed","3","DVD","2nd Floor","Cheaper By The Dozen","Movie",,
"4b18d20d-16ed-4469-b2f5-062475cc3faf","3","Blu-ray","2nd Floor","Clear and Present Danger","Movie",,
"27c894d6-cf02-469c-817b-0b6e258ada61","3","DVD","2nd Floor","Dark Angel","TV Show",,
"d75cfff7-d66f-4217-a792-9302342f7d0c","3","4K Blu-ray","2nd Floor","Days Of Thunder","Movie",,
"c9a3c78b-af95-4c4d-952e-e13333260ec8","3","Blu-ray","2nd Floor","District 9","Movie",,
"eb6cbe86-7be3-463b-85f6-9cd33f4ae2f8","3","Blu-ray","2nd Floor","Dragon","Movie",,
"b9e5e264-cda6-4dea-b353-5445117c452d","3","Blu-ray","2nd Floor","Dragon Nest","Movie",,
"ad40b988-373e-48c0-98d0-6c931a4b0e67","3","4K Blu-ray","2nd Floor","E.T. The Extra-Terrestrial","Movie",,
"0993c868-bf42-460f-800b-56fe575b1d2e","3","Blu-ray","2nd Floor","Evangelion - 3.33 You Can (NOT) Redo","Movie",,
"3e63679e-caca-4089-ad82-69e0e1e4a299","3","4K Blu-ray","2nd Floor","Ex Machina","Movie",,
"c7b4fb26-db7e-42a0-a945-1f8d44c71fb1","3","Blu-ray","2nd Floor","Falling Down","Movie",,
"eba40eff-522d-4f3b-b5c9-e03f5c1c2c38","3","Blu-ray","2nd Floor","Falling Skies","TV Show",,
"3ed5a8e9-3587-4f9e-ac5a-7ad301386d16","3","4K Blu-ray","2nd Floor","Fast & Furious","Movie","Yes","[  { ""S"" : ""The Fast And The Furious"" },  { ""S"" : ""2 Fast 2 Furious"" },  { ""S"" : ""The Fast And The Furious: Tokyo Drift"" },  { ""S"" : ""Fast & Furious"" },  { ""S"" : ""Fast Five"" },  { ""S"" : ""Fast & Furious 6"" },  { ""S"" : ""Furious 7"" },  { ""S"" : ""The Fate Of The Furious"" }]"
"6b581aeb-f5ed-4519-bf2a-f8f1e9ab2def","3","Blu-ray","2nd Floor","Ferris Bueller's Day Off","Movie",,
"56688c64-19e1-4788-bc98-132c6adf51d5","3","Blu-ray","2nd Floor","Ghost","Movie",,
"10770056-98d1-49cf-aca8-9fbf059862cd","3","4K Blu-ray","2nd Floor","Ghost In The Shell (1995)","Movie",,
"f88ec845-b780-46c0-a95e-7c8f615e42b4","3","4K Blu-ray","2nd Floor","Godzilla","Movie",,
"4fc97c02-b156-4112-aa8b-cd3ea143ce88","3","Blu-ray","2nd Floor","Hancock","Movie",,
"a00356f5-9436-46d7-9ff3-9db37fecf50d","3","Blu-ray","2nd Floor","Heat","Movie",,
"bec2ad54-ebf4-4e41-903a-999835222803","3","4K Blu-ray","2nd Floor","Hellboy (2019)","Movie",,
"a841161e-368b-4c56-ac43-5adfbf897571","3","Blu-ray","2nd Floor","Hours","Movie",,
"6398f7cc-4835-4798-ab26-5f8cfef354f9","3","Blu-ray","2nd Floor","Hulk VS","Movie",,
"c7511e0d-223f-485c-898b-7b52492314c0","3","Blu-ray","2nd Floor","Idle Hands","Movie",,
"18917dde-e88b-4431-a366-e1a43c67c887","3","4K Blu-ray","2nd Floor","Iron Man 2","Movie",,
"e93a2d44-5112-4e77-b15c-1a55398cd979","3","4K Blu-ray","2nd Floor","Iron Man 3","Movie",,
"582129fc-6a47-4a4c-9de2-bd6b95fb61f4","3","4K Blu-ray","2nd Floor","It Chapter Two","Movie",,
"7b919bc9-dee6-4a6b-bbc8-8799c1e388ed","3","4K Blu-ray","2nd Floor","John Wick 3","Movie",,
"05f0de20-a2e2-488a-a0ff-afd6a3ff262a","3","4K Blu-ray","2nd Floor","Joker","Movie",,
"d0965639-c33a-459d-8947-c8ff4cebd8a9","3","Blu-ray","2nd Floor","Juno","Movie",,
"d6815f15-0281-4735-ba2f-36f9c48651ca","3","4K Blu-ray","2nd Floor","Jupiter Ascending","Movie",,
"402abf7e-f97c-4387-8f8f-ac497ced0935","3","Blu-ray","2nd Floor","Just Go With It","Movie",,
"73f6fce0-0de8-416c-8f24-828a58ab90c8","3","Blu-ray","2nd Floor","Kingsman","Movie","Yes","[  { ""S"" : ""Kingsman - The Secret Service"" },  { ""S"" : ""Kingsman - The Golden Circle"" }]"
"45937ce3-51a7-4ecb-9b3b-893b3e7924bc","3","Blu-ray","2nd Floor","Let Me In","Movie",,
"efc39c1e-699a-42b9-9608-6fe6ac1c70e0","3","Blu-ray","2nd Floor","Mean Girls","Movie",,
"1d978872-62f9-48ff-bfe0-052b13a6799b","3","4K Blu-ray","2nd Floor","Ne Zha","Movie",,
"5133b57f-6223-4316-9768-ed883ce397b2","3","Blu-ray","2nd Floor","Nick & Norah's Infinite Playlist","Movie",,
"1799c8ce-5f5e-4ebd-aad4-63139b1288b8","3","DVD","2nd Floor","Parks and Recreation","TV Show",,
"f22abf01-d0a1-4db0-b7cd-a76e515e95d7","3","Blu-ray","2nd Floor","Paul Blart Mall Cop","Movie",,
"a9e3e699-4cfc-402f-94c9-108185a02b44","3","Blu-ray","2nd Floor","Paycheck","Movie",,
"9c608a01-e55e-480a-947b-f23c97ace41f","3","4K Blu-ray","2nd Floor","Rambo Last Blood","Movie",,
"0bbd3f7e-10ba-4dd0-8eb7-422c717bde31","3","Blu-ray","2nd Floor","Real Steel","Movie",,
"df28dac8-0574-4606-8f0d-dcca3fdb5d2a","3","Blu-ray","2nd Floor","Rio","Movie",,
"ed417fa8-9183-45ed-a27d-0c2730b974a7","3","Blu-ray","2nd Floor","Rise Of The Planet Of The Apes","Movie",,
"0c633c94-8c02-443e-98c1-81504ed09602","3","Blu-ray","2nd Floor","Samurai Jack","TV Show",,
"18cec746-169e-47b5-a40e-e03917652c3d","3","Blu-ray","2nd Floor","San Andreas","Movie",,
"4b6dcf48-1937-45e5-b0b7-aedb98fbb955","3","Blu-ray","2nd Floor","Shaft","Movie",,
"bc2ef08d-11e6-4196-a7e1-798571a85458","3","Blu-ray","2nd Floor","Silver Bullet","Movie",,
"4a6a906e-e053-4224-a495-8a480693e56e","3","Blu-ray","2nd Floor","Soldier","Movie",,
"fc376675-1ee4-4112-a3d1-ff90b73be328","3","Blu-ray","2nd Floor","Spider-Man Homecoming","Movie",,
"da0a9a77-3352-4ea3-832b-8c2083b1ecfe","3","Blu-ray","2nd Floor","Star Trek (2009)","Movie",,
"054f75c9-b4a7-44c4-8c96-9baddb5e7145","3","4K Blu-ray","2nd Floor","Star Wars The Rise Of Skywalker","Movie",,
"6e1d4b23-d418-4f7b-8292-8b3c8d71764b","3","4K Blu-ray","2nd Floor","Star Wars: A New Hope","Movie",,
"de13627e-73d3-46f6-9ecf-6a4873f254e3","3","4K Blu-ray","2nd Floor","Star Wars: The Empire Strikes Back","Movie",,
"f6e4a41d-1e13-4c1d-84d6-9885709ee645","3","Blu-ray","2nd Floor","Starship Troopers Invasion","Movie",,
"11a970bd-1a83-417f-a878-07aba8f8e5ce","3","4K Blu-ray","2nd Floor","Starship Troopers Traitor Of Mars","Movie",,
"472427e8-0d54-483b-b2e9-4ece043487a7","3","Blu-ray","2nd Floor","Step Brothers","Movie",,
"6b5f2768-e4b0-4a00-a194-437db7da100b","3","Blu-ray","2nd Floor","Swamp Thing (2019)","TV Show",,
"5506aaf8-b6cb-4e93-8308-99f8ce6f1090","3","4K Blu-ray","2nd Floor","Terminator 2 Judgement Day","Movie",,
"846b8348-69b2-4a34-b49b-46b2eb8ac84e","3","4K Blu-ray","2nd Floor","Terminator Dark Fate","Movie",,
"6cf6a506-ff09-4a9a-aa94-297fe09444cc","3","Blu-ray","2nd Floor","The Cable Guy","Movie",,
"21ea59f4-dc44-473c-8bf3-2ff01e4fb9f3","3","4K Blu-ray","2nd Floor","The Commuter","Movie",,
"87ad85e9-0e14-4167-a9f3-6a9ed3a75d26","3","Blu-ray","2nd Floor","The Dark Knight","Movie",,
"2e4733e6-e8ca-4d25-837d-672061460d09","3","Blu-ray","2nd Floor","The Flash (2014) Season 5","TV Show",,
"b7ca8e5c-9979-4302-a615-cbf198125578","3","4K Blu-ray","2nd Floor","The Girl On The Train","Movie",,
"7005897b-a1f9-45a9-97e4-72585a63d1b7","3","Blu-ray","2nd Floor","The Grinch (2018)","Movie",,
"7554969e-a2a2-464f-95e7-4ab7afa5fb89","3","Blu-ray","2nd Floor","The Hunger Games","Movie",,
"df4bef46-f13b-4225-8b30-a36a83bc7ebd","3","4K Blu-ray","2nd Floor","The Invisible Man (2020)","Movie",,
"a9c6e0a8-2dff-49ff-ba20-0112e8388708","3","Blu-ray","2nd Floor","The Jackal","Movie",,
"61dead64-be16-49a3-b81c-2def92665c7b","3","Blu-ray","2nd Floor","The League Of Extraordinary Gentlemen","Movie",,
"285f6667-1cfb-4fc7-b6cf-f2e3940c1a88","3","4K Blu-ray","2nd Floor","The Lion King (2019)","Movie",,
"ba409bd4-4969-458c-9cc9-cc15b1cad9d3","3","Blu-ray","2nd Floor","The Martian","Movie",,
"1a4a97f1-218b-4096-aeae-c24deb167122","3","Blu-ray","2nd Floor","The Nutty Professor Collection","Movie",,
"64c8e73a-0b03-4916-9404-e5260605a7f1","3","DVD","2nd Floor","The Pacifier","Movie",,
"71b077e1-de78-4bf9-bf25-94df28a4f235","3","4K Blu-ray","2nd Floor","The Secret Life Of Pets 2","Movie",,
"b22201d5-190b-46ec-9db7-8af6b531bd57","3","Blu-ray","2nd Floor","The Shield","TV Show",,
"b27d0887-5add-4689-9a96-caf0d5d0b703","3","Blu-ray","2nd Floor","The Strangers","Movie",,
"48142329-209d-4bed-88d2-e14d7e516df1","3","Blu-ray","2nd Floor","Thor The Dark World","Movie",,
"392a7a95-040c-4d53-96ca-4e53b4121ffa","3","Blu-ray","2nd Floor","Upgrade","Movie",,
"601a4058-7680-4591-81eb-60c44a591424","3","Blu-ray","2nd Floor","Valerian And The City Of A Thousand Planets","Movie",,
"cf4ab6c1-1a15-4946-8b71-c1ddfaaccdc7","3","Blu-ray","2nd Floor","Veronica Mars","Movie",,
"1fb73a51-9c90-43cf-89ea-4223f268c47e","3","Blu-ray","2nd Floor","Watchmen","Movie",,
"4cd91efa-3a7c-42b0-b908-97f738954576","3","Blu-ray","2nd Floor","White House Down","Movie",,
"5ff51478-f4bb-42c2-b3ea-ed5c3cf193f1","3","4K Blu-ray","2nd Floor","Wonder Woman Bloodlines","Movie",,
"fbeb072e-f57b-4496-a6a3-ca8d31e16cef","3","Blu-ray","2nd Floor","X-MEN","Movie","Yes","[  { ""S"" : ""X-MEN"" },  { ""S"" : ""X2 X-MEN United"" },  { ""S"" : ""X-MEN The Last Stand"" }]"
"fc809d74-2b95-4644-8437-0e82ddd52482","3","4K Blu-ray","2nd Floor","X-MEN Dark Phoenix","Movie",,
"48efd9d8-a920-420f-9fea-f2e44ea55d54","3","Blu-ray","2nd Floor","Zombieland","Movie",,
